date,value
1974-01-06,594.8766666666667
1974-01-13,615.9
1974-01-20,618.8
1974-01-27,635.5
1974-02-03,637.4
1974-02-10,636.6
1974-02-17,645.625
1974-02-24,652.0
1974-03-03,641.9
1974-03-10,627.1
1974-03-17,632.7
1974-03-24,637.8
1974-03-31,611.0
1974-04-07,577.25
1974-04-14,540.25
1974-04-21,560.3
1974-04-28,559.4
1974-05-05,542.3
1974-05-12,536.5
1974-05-19,547.7
1974-05-26,544.5
1974-06-02,553.625
1974-06-09,540.0
1974-06-16,540.7
1974-06-23,555.1
1974-06-30,574.4
1974-07-07,606.4375
1974-07-14,634.0
1974-07-21,702.4
1974-07-28,785.8
1974-08-04,869.0
1974-08-11,825.4
1974-08-18,787.4
1974-08-25,741.4
1974-09-01,739.6
1974-09-08,716.0
1974-09-15,749.6
1974-09-22,747.2
1974-09-29,818.0
1974-10-06,909.0
1974-10-13,908.4
1974-10-20,854.1
1974-10-27,828.4
1974-11-03,789.3
1974-11-10,836.375
1974-11-17,795.2
1974-11-24,742.4
1974-12-01,752.625
1974-12-08,764.3
1974-12-15,737.5
1974-12-22,748.0
1974-12-29,712.0625
1975-01-05,696.0
1975-01-12,680.7
1975-01-19,636.9
1975-01-26,599.2
1975-02-02,615.8
1975-02-09,600.3
1975-02-16,594.3
1975-02-23,556.875
1975-03-02,518.8
1975-03-09,520.5
1975-03-16,548.4
1975-03-23,552.8
1975-03-30,593.4375
1975-04-06,593.5
1975-04-13,577.1
1975-04-20,583.2
1975-04-27,564.2
1975-05-04,539.0
1975-05-11,513.6
1975-05-18,524.3
1975-05-25,529.7
1975-06-01,500.9375
1975-06-08,497.9
1975-06-15,504.0
1975-06-22,517.0
1975-06-29,516.8
1975-07-06,510.0
1975-07-13,545.25
1975-07-20,564.0
1975-07-27,568.6
1975-08-03,600.25
1975-08-10,609.25
1975-08-17,606.6
1975-08-24,622.1
1975-08-31,585.3
1975-09-07,560.375
1975-09-14,552.5
1975-09-21,586.6
1975-09-28,576.4
1975-10-05,562.1
1975-10-12,550.6
1975-10-19,533.1
1975-10-26,506.15
1975-11-02,488.7
1975-11-09,489.4
1975-11-16,480.4
1975-11-23,469.25
1975-11-30,488.0625
1975-12-07,489.4
1975-12-14,462.75
1975-12-21,452.5
1975-12-28,455.5
1976-01-04,448.0625
1976-01-11,463.7
1976-01-18,477.1
1976-01-25,481.1
1976-02-01,462.45
1976-02-08,477.3
1976-02-15,480.8
1976-02-22,483.1875
1976-02-29,478.9
1976-03-07,476.95
1976-03-14,479.2
1976-03-21,471.2
1976-03-28,475.65
1976-04-04,470.7
1976-04-11,476.9
1976-04-18,485.25
1976-04-25,484.8
1976-05-02,479.2
1976-05-09,488.05
1976-05-16,513.0
1976-05-23,535.6
1976-05-30,571.4
1976-06-06,584.75
1976-06-13,631.85
1976-06-20,644.2
1976-06-27,649.9
1976-07-04,679.2
1976-07-11,729.25
1976-07-18,717.1
1976-07-25,661.5
1976-08-01,623.7
1976-08-08,608.3
1976-08-15,626.0
1976-08-22,639.6
1976-08-29,674.6
1976-09-05,684.3
1976-09-12,730.25
1976-09-19,684.8
1976-09-26,650.1
1976-10-03,630.7
1976-10-10,649.0
1976-10-17,632.4
1976-10-24,626.4
1976-10-31,662.1
1976-11-07,664.75
1976-11-14,658.1
1976-11-21,658.2
1976-11-28,679.25
1976-12-05,678.2
1976-12-12,698.3
1976-12-19,689.9
1976-12-26,687.875
1977-01-02,702.75
1977-01-09,706.15
1977-01-16,713.25
1977-01-23,718.8
1977-01-30,727.15
1977-02-06,725.1
1977-02-13,733.4
1977-02-20,735.2
1977-02-27,759.1875
1977-03-06,801.0
1977-03-13,827.6
1977-03-20,840.35
1977-03-27,857.35
1977-04-03,893.05
1977-04-10,947.5
1977-04-17,993.5
1977-04-24,1032.55
1977-05-01,985.6
1977-05-08,987.0
1977-05-15,955.3
1977-05-22,970.5
1977-05-29,943.7
1977-06-05,953.5
1977-06-12,893.3
1977-06-19,810.7
1977-06-26,746.65
1977-07-03,766.9
1977-07-10,660.5
1977-07-17,614.2
1977-07-24,639.7
1977-07-31,617.3
1977-08-07,597.9
1977-08-14,599.1
1977-08-21,558.0
1977-08-28,530.3
1977-09-04,526.7
1977-09-11,525.1875
1977-09-18,522.7
1977-09-25,540.35
1977-10-02,533.95
1977-10-09,543.0
1977-10-16,531.25
1977-10-23,514.5
1977-10-30,531.65
1977-11-06,568.85
1977-11-13,588.2
1977-11-20,607.55
1977-11-27,604.3125
1977-12-04,589.65
1977-12-11,594.75
1977-12-18,590.85
1977-12-25,603.45
1978-01-01,597.4375
1978-01-08,588.0
1978-01-15,594.2
1978-01-22,560.45
1978-01-29,570.9
1978-02-05,569.05
1978-02-12,564.65
1978-02-19,565.95
1978-02-26,581.0625
1978-03-05,596.2
1978-03-12,640.75
1978-03-19,676.3
1978-03-26,705.0
1978-04-02,706.9
1978-04-09,680.05
1978-04-16,717.55
1978-04-23,715.65
1978-04-30,702.05
1978-05-07,722.55
1978-05-14,720.25
1978-05-21,727.7
1978-05-28,722.05
1978-06-04,729.3125
1978-06-11,691.85
1978-06-18,678.45
1978-06-25,682.25
1978-07-02,683.0
1978-07-09,687.75
1978-07-16,677.35
1978-07-23,638.2
1978-07-30,630.4
1978-08-06,627.2
1978-08-13,615.55
1978-08-20,647.25
1978-08-27,664.2
1978-09-03,652.65
1978-09-10,644.25
1978-09-17,656.35
1978-09-24,662.1
1978-10-01,648.65
1978-10-08,666.1
1978-10-15,679.5
1978-10-22,682.2
1978-10-29,694.9
1978-11-05,704.15
1978-11-12,672.125
1978-11-19,657.1
1978-11-26,674.375
1978-12-03,672.65
1978-12-10,676.35
1978-12-17,681.65
1978-12-24,698.15
1978-12-31,679.9375
1979-01-07,671.5625
1979-01-14,681.55
1979-01-21,694.5
1979-01-28,705.7
1979-02-04,707.5
1979-02-11,736.25
1979-02-18,745.95
1979-02-25,768.25
1979-03-04,748.7
1979-03-11,749.5
1979-03-18,735.65
1979-03-25,761.5
1979-04-01,777.1
1979-04-08,757.0
1979-04-15,747.75
1979-04-22,730.7
1979-04-29,732.45
1979-05-06,726.6
1979-05-13,716.2
1979-05-20,716.75
1979-05-27,735.75
1979-06-03,737.0
1979-06-10,745.75
1979-06-17,775.3
1979-06-24,814.6
1979-07-01,796.5
1979-07-08,766.1875
1979-07-15,773.0
1979-07-22,774.75
1979-07-29,749.65
1979-08-05,716.2
1979-08-12,702.7
1979-08-19,714.05
1979-08-26,728.0
1979-09-02,724.45
1979-09-09,699.9375
1979-09-16,709.05
1979-09-23,718.5
1979-09-30,714.3
1979-10-07,715.8
1979-10-14,687.6
1979-10-21,659.25
1979-10-28,643.9
1979-11-04,640.45
1979-11-11,646.85
1979-11-18,669.95
1979-11-25,680.0625
1979-12-02,672.6
1979-12-09,668.5
1979-12-16,666.1
1979-12-23,664.75
1979-12-30,656.8333333333334
1980-01-06,643.3125
1980-01-13,634.1
1980-01-20,647.15
1980-01-27,658.75
1980-02-03,666.15
1980-02-10,676.75
1980-02-17,664.95
1980-02-24,642.125
1980-03-02,638.25
1980-03-09,636.0
1980-03-16,619.15
1980-03-23,617.45
1980-03-30,606.1
1980-04-06,582.9375
1980-04-13,592.8
1980-04-20,595.55
1980-04-27,599.25
1980-05-04,593.75
1980-05-11,612.85
1980-05-18,607.55
1980-05-25,621.65
1980-06-01,628.375
1980-06-08,616.7
1980-06-15,623.5
1980-06-22,632.9
1980-06-29,651.65
1980-07-06,690.625
1980-07-13,723.25
1980-07-20,787.1
1980-07-27,746.55
1980-08-03,761.25
1980-08-10,767.4
1980-08-17,751.5
1980-08-24,745.45
1980-08-31,772.55
1980-09-07,808.5
1980-09-14,821.9
1980-09-21,831.15
1980-09-28,844.6
1980-10-05,803.55
1980-10-12,822.7
1980-10-19,856.65
1980-10-26,884.2
1980-11-02,898.25
1980-11-09,907.5
1980-11-16,886.4
1980-11-23,931.35
1980-11-30,921.625
1980-12-07,870.85
1980-12-14,768.8
1980-12-21,772.8
1980-12-28,792.9166666666666
1981-01-04,783.0
1981-01-11,804.85
1981-01-18,790.65
1981-01-25,751.5
1981-02-01,730.4
1981-02-08,754.15
1981-02-15,744.55
1981-02-22,757.75
1981-03-01,745.8
1981-03-08,708.15
1981-03-15,723.9
1981-03-22,746.5
1981-03-29,773.05
1981-04-05,780.5
1981-04-12,798.3
1981-04-19,772.625
1981-04-26,786.65
1981-05-03,777.55
1981-05-10,762.45
1981-05-17,744.7
1981-05-24,756.5
1981-05-31,761.8125
1981-06-07,738.35
1981-06-14,731.7
1981-06-21,728.4
1981-06-28,701.35
1981-07-05,691.75
1981-07-12,734.05
1981-07-19,740.95
1981-07-26,724.55
1981-08-02,730.3
1981-08-09,713.7
1981-08-16,702.6
1981-08-23,689.2
1981-08-30,664.9
1981-09-06,669.45
1981-09-13,660.6875
1981-09-20,667.65
1981-09-27,654.95
1981-10-04,646.6
1981-10-11,665.4
1981-10-18,666.95
1981-10-25,651.5
1981-11-01,645.65
1981-11-08,655.85
1981-11-15,640.3
1981-11-22,637.1
1981-11-29,640.3125
1981-12-06,655.35
1981-12-13,637.15
1981-12-20,622.6
1981-12-27,609.875
1982-01-03,615.4375
1982-01-10,623.9
1982-01-17,634.1
1982-01-24,638.55
1982-01-31,650.3
1982-02-07,651.65
1982-02-14,631.15
1982-02-21,620.4375
1982-02-28,612.85
1982-03-07,611.6
1982-03-14,601.9
1982-03-21,614.95
1982-03-28,633.55
1982-04-04,639.75
1982-04-11,657.25
1982-04-18,651.55
1982-04-25,653.0
1982-05-02,655.3
1982-05-09,653.05
1982-05-16,661.25
1982-05-23,665.9
1982-05-30,650.5
1982-06-06,624.625
1982-06-13,635.2
1982-06-20,628.95
1982-06-27,632.65
1982-07-04,614.35
1982-07-11,611.25
1982-07-18,625.4
1982-07-25,619.05
1982-08-01,609.45
1982-08-08,604.9
1982-08-15,576.75
1982-08-22,566.25
1982-08-29,568.15
1982-09-05,554.15
1982-09-12,538.4375
1982-09-19,550.5
1982-09-26,542.0
1982-10-03,536.05
1982-10-10,525.75
1982-10-17,539.95
1982-10-24,531.85
1982-10-31,533.05
1982-11-07,553.4375
1982-11-14,563.7
1982-11-21,566.7
1982-11-28,576.25
1982-12-05,568.65
1982-12-12,571.35
1982-12-19,567.05
1982-12-26,564.5
1983-01-02,564.75
1983-01-09,566.4
1983-01-16,582.55
1983-01-23,584.75
1983-01-30,596.3
1983-02-06,599.5
1983-02-13,589.95
1983-02-20,597.8
1983-02-27,581.75
1983-03-06,567.05
1983-03-13,573.65
1983-03-20,585.15
1983-03-27,620.05
1983-04-03,635.4375
1983-04-10,641.9
1983-04-17,634.35
1983-04-24,629.75
1983-05-01,638.95
1983-05-08,631.15
1983-05-15,617.65
1983-05-22,620.95
1983-05-29,618.95
1983-06-05,612.3125
1983-06-12,612.2
1983-06-19,594.4
1983-06-26,604.9
1983-07-03,592.25
1983-07-10,616.4375
1983-07-17,637.85
1983-07-24,683.3
1983-07-31,700.95
1983-08-07,762.65
1983-08-14,812.75
1983-08-21,875.2
1983-08-28,908.6
1983-09-04,889.25
1983-09-11,924.3125
1983-09-18,887.1
1983-09-25,908.0
1983-10-02,872.5
1983-10-09,846.3
1983-10-16,858.0
1983-10-23,848.8
1983-10-30,824.6
1983-11-06,837.85
1983-11-13,848.25
1983-11-20,801.8
1983-11-27,779.125
1983-12-04,798.8
1983-12-11,773.1
1983-12-18,772.9
1983-12-25,789.6
1984-01-01,813.875
1984-01-08,777.75
1984-01-15,769.5
1984-01-22,731.4
1984-01-29,739.15
1984-02-05,736.25
1984-02-12,717.2
1984-02-19,703.0
1984-02-26,729.25
1984-03-04,744.75
1984-03-11,769.2
1984-03-18,776.2
1984-03-25,794.4
1984-04-01,789.9
1984-04-08,802.35
1984-04-15,782.85
1984-04-22,775.9375
1984-04-29,789.35
1984-05-06,792.4
1984-05-13,831.45
1984-05-20,865.65
1984-05-27,887.25
1984-06-03,851.625
1984-06-10,808.4
1984-06-17,777.95
1984-06-24,791.65
1984-07-01,741.2
1984-07-08,697.9375
1984-07-15,674.9
1984-07-22,693.15
1984-07-29,632.05
1984-08-05,620.75
1984-08-12,638.55
1984-08-19,668.5
1984-08-26,631.2
1984-09-02,645.95
1984-09-09,625.0625
1984-09-16,617.5
1984-09-23,591.5
1984-09-30,596.55
1984-10-07,589.55
1984-10-14,608.6
1984-10-21,629.85
1984-10-28,626.45
1984-11-04,620.1
1984-11-11,620.85
1984-11-18,617.8
1984-11-25,608.875
1984-12-02,602.65
1984-12-09,603.85
1984-12-16,590.1
1984-12-23,589.3
1984-12-30,581.125
1985-01-06,568.75
1985-01-13,576.5
1985-01-20,587.3
1985-01-27,596.55
1985-02-03,603.75
1985-02-10,597.85
1985-02-17,580.1
1985-02-24,577.1875
1985-03-03,563.6
1985-03-10,571.85
1985-03-17,579.4
1985-03-24,600.35
1985-03-31,606.85
1985-04-07,601.5625
1985-04-14,604.2
1985-04-21,594.95
1985-04-28,597.15
1985-05-05,585.75
1985-05-12,582.5
1985-05-19,582.5
1985-05-26,571.4
1985-06-02,561.8125
1985-06-09,573.35
1985-06-16,585.2
1985-06-23,578.15
1985-06-30,569.7
1985-07-07,559.6875
1985-07-14,570.25
1985-07-21,561.65
1985-07-28,543.2
1985-08-04,525.6
1985-08-11,523.6
1985-08-18,525.45
1985-08-25,514.55
1985-09-01,511.6
1985-09-08,514.0625
1985-09-15,508.35
1985-09-22,515.55
1985-09-29,519.05
1985-10-06,509.65
1985-10-13,504.7
1985-10-20,503.0
1985-10-27,504.1
1985-11-03,506.75
1985-11-10,517.7
1985-11-17,515.4
1985-11-24,489.6
1985-12-01,493.3125
1985-12-08,504.8
1985-12-15,518.5
1985-12-22,528.25
1985-12-29,533.6875
1986-01-05,532.375
1986-01-12,539.6
1986-01-19,530.15
1986-01-26,536.4
1986-02-02,538.35
1986-02-09,530.7
1986-02-16,528.55
1986-02-23,522.5
1986-03-02,523.6
1986-03-09,531.75
1986-03-16,536.6
1986-03-23,534.4
1986-03-30,534.4375
1986-04-06,534.4
1986-04-13,525.55
1986-04-20,524.6
1986-04-27,526.55
1986-05-04,533.4
1986-05-11,535.4
1986-05-18,536.3
1986-05-25,532.6
1986-06-01,530.4375
1986-06-08,529.65
1986-06-15,531.15
1986-06-22,530.6
1986-06-29,524.85
1986-07-06,512.5625
1986-07-13,522.75
1986-07-20,540.0
1986-07-27,532.45
1986-08-03,518.0
1986-08-10,504.75
1986-08-17,505.65
1986-08-24,504.85
1986-08-31,478.75
1986-09-07,478.5
1986-09-14,479.7
1986-09-21,489.55
1986-09-28,484.3
1986-10-05,486.8
1986-10-12,471.25
1986-10-19,474.0
1986-10-26,484.55
1986-11-02,494.45
1986-11-09,500.85
1986-11-16,499.55
1986-11-23,498.85
1986-11-30,500.0625
1986-12-07,500.45
1986-12-14,491.3
1986-12-21,486.55
1986-12-28,490.5625
1987-01-04,488.9375
1987-01-11,490.85
1987-01-18,496.6
1987-01-25,497.15
1987-02-01,500.45
1987-02-08,496.4
1987-02-15,489.8
1987-02-22,486.9375
1987-03-01,484.4
1987-03-08,486.45
1987-03-15,489.05
1987-03-22,488.0
1987-03-29,492.4
1987-04-05,497.8
1987-04-12,505.95
1987-04-19,514.5625
1987-04-26,517.55
1987-05-03,528.2
1987-05-10,545.35
1987-05-17,567.65
1987-05-24,551.85
1987-05-31,550.0
1987-06-07,557.9
1987-06-14,563.65
1987-06-21,583.6
1987-06-28,545.15
1987-07-05,534.9375
1987-07-12,544.75
1987-07-19,542.9
1987-07-26,539.8
1987-08-02,536.5
1987-08-09,515.8
1987-08-16,520.7
1987-08-23,529.65
1987-08-30,513.35
1987-09-06,511.8
1987-09-13,523.0625
1987-09-20,529.7
1987-09-27,526.85
1987-10-04,534.95
1987-10-11,540.6
1987-10-18,541.6
1987-10-25,533.95
1987-11-01,535.45
1987-11-08,533.45
1987-11-15,552.1
1987-11-22,572.35
1987-11-29,599.25
1987-12-06,601.35
1987-12-13,591.5
1987-12-20,587.0
1987-12-27,603.0
1988-01-03,600.5625
1988-01-10,619.95
1988-01-17,613.7
1988-01-24,625.7520000000001
1988-01-31,616.33
1988-02-07,611.076
1988-02-14,615.254
1988-02-21,628.285
1988-02-28,623.8399999999999
1988-03-06,627.876
1988-03-13,609.528
1988-03-20,617.1279999999999
1988-03-27,639.8399999999999
1988-04-03,652.05
1988-04-10,671.49
1988-04-17,675.266
1988-04-24,665.478
1988-05-01,675.404
1988-05-08,688.904
1988-05-15,708.802
1988-05-22,762.5020000000001
1988-05-29,764.4
1988-06-05,816.9375
1988-06-12,878.3
1988-06-19,920.0
1988-06-26,1032.9
1988-07-03,995.9
1988-07-10,950.375
1988-07-17,930.9
1988-07-24,852.2520000000001
1988-07-31,765.304
1988-08-07,848.4280000000001
1988-08-14,852.878
1988-08-21,875.952
1988-08-28,828.4280000000001
1988-09-04,853.676
1988-09-11,884.285
1988-09-18,869.3040000000001
1988-09-25,828.628
1988-10-02,809.914
1988-10-09,814.326
1988-10-16,798.24
1988-10-23,796.28
1988-10-30,764.3520000000001
1988-11-06,786.878
1988-11-13,783.066
1988-11-20,738.716
1988-11-27,754.5
1988-12-04,757.5
1988-12-11,769.0
1988-12-18,775.0
1988-12-25,792.85
1989-01-01,794.875
1989-01-08,812.125
1989-01-15,801.75
1989-01-22,756.25
1989-01-29,757.4280000000001
1989-02-05,766.992
1989-02-12,747.714
1989-02-19,734.152
1989-02-26,755.0025
1989-03-05,760.992
1989-03-12,762.066
1989-03-19,768.1899999999999
1989-03-26,782.5975
1989-04-02,753.4399999999999
1989-04-09,713.052
1989-04-16,725.3520000000001
1989-04-23,749.5899999999999
1989-04-30,733.78
1989-05-07,745.04
1989-05-14,759.554
1989-05-21,737.04
1989-05-28,700.5
1989-06-04,711.375
1989-06-11,709.4
1989-06-18,718.1
1989-06-25,735.55
1989-07-02,730.95
1989-07-09,762.125
1989-07-16,711.45
1989-07-23,692.55
1989-07-30,660.3
1989-08-06,603.85
1989-08-13,601.25
1989-08-20,614.45
1989-08-27,601.45
1989-09-03,581.6
1989-09-10,593.3125
1989-09-17,592.9
1989-09-24,572.1
1989-10-01,568.5
1989-10-08,574.25
1989-10-15,551.6
1989-10-22,558.2
1989-10-29,563.6
1989-11-05,563.25
1989-11-12,567.05
1989-11-19,580.9
1989-11-26,584.75
1989-12-03,578.85
1989-12-10,576.2
1989-12-17,580.4
1989-12-24,575.95
1989-12-31,567.5
1990-01-07,564.0625
1990-01-14,568.75
1990-01-21,559.65
1990-01-28,560.9
1990-02-04,560.6
1990-02-11,564.05
1990-02-18,567.35
1990-02-25,567.625
1990-03-04,565.15
1990-03-11,578.85
1990-03-18,580.3
1990-03-25,595.5
1990-04-01,595.316
1990-04-08,590.7520000000001
1990-04-15,590.4725
1990-04-22,597.316
1990-04-29,614.878
1990-05-06,630.4300000000001
1990-05-13,639.402
1990-05-20,615.1899999999999
1990-05-27,611.326
1990-06-03,605.125
1990-06-10,596.45
1990-06-17,599.8
1990-06-24,598.0
1990-07-01,611.85
1990-07-08,635.5
1990-07-15,611.9
1990-07-22,598.55
1990-07-29,587.2
1990-08-05,586.85
1990-08-12,598.15
1990-08-19,610.75
1990-08-26,619.0
1990-09-02,609.5
1990-09-09,612.3125
1990-09-16,624.2
1990-09-23,615.85
1990-09-30,616.65
1990-10-07,613.1
1990-10-14,626.85
1990-10-21,612.15
1990-10-28,607.25
1990-11-04,592.3
1990-11-11,577.85
1990-11-18,562.85
1990-11-25,571.3125
1990-12-02,585.9
1990-12-09,597.45
1990-12-16,592.75
1990-12-23,576.15
1990-12-30,562.125
1991-01-06,559.125
1991-01-13,558.0
1991-01-20,562.85
1991-01-27,575.3520000000001
1991-02-03,566.3280000000001
1991-02-10,569.9280000000001
1991-02-17,571.292
1991-02-24,572.3475000000001
1991-03-03,577.342
1991-03-10,594.24
1991-03-17,579.516
1991-03-24,574.0020000000001
1991-03-31,570.8125
1991-04-07,590.8
1991-04-14,587.05
1991-04-21,585.85
1991-04-28,590.65
1991-05-05,580.05
1991-05-12,574.55
1991-05-19,563.45
1991-05-26,572.6
1991-06-02,577.75
1991-06-09,581.8
1991-06-16,571.65
1991-06-23,566.75
1991-06-30,553.3
1991-07-07,531.75
1991-07-14,523.5
1991-07-21,534.35
1991-07-28,552.55
1991-08-04,598.25
1991-08-11,565.95
1991-08-18,548.5
1991-08-25,551.6
1991-09-01,575.15
1991-09-08,577.625
1991-09-15,582.7
1991-09-22,602.0
1991-09-29,589.5
1991-10-06,584.6
1991-10-13,566.75
1991-10-20,549.55
1991-10-27,548.6
1991-11-03,556.7
1991-11-10,558.35
1991-11-17,553.6
1991-11-24,563.65
1991-12-01,562.1875
1991-12-08,559.15
1991-12-15,549.45
1991-12-22,552.8
1991-12-29,563.25
1992-01-05,551.9375
1992-01-12,560.95
1992-01-19,566.8
1992-01-26,574.1020000000001
1992-02-02,575.766
1992-02-09,574.954
1992-02-16,570.716
1992-02-23,575.9575
1992-03-01,576.7280000000001
1992-03-08,586.7900000000001
1992-03-15,589.48
1992-03-22,590.452
1992-03-29,586.4
1992-04-05,580.6
1992-04-12,570.95
1992-04-19,575.375
1992-04-26,579.35
1992-05-03,575.6
1992-05-10,588.4
1992-05-17,604.55
1992-05-24,603.95
1992-05-31,606.3125
1992-06-07,619.6
1992-06-14,623.15
1992-06-21,600.0
1992-06-28,602.85
1992-07-05,598.375
1992-07-12,573.6
1992-07-19,565.95
1992-07-26,555.4
1992-08-02,559.25
1992-08-09,553.2
1992-08-16,545.8
1992-08-23,551.9
1992-08-30,557.65
1992-09-06,554.6
1992-09-13,562.8125
1992-09-20,556.45
1992-09-27,543.65
1992-10-04,536.15
1992-10-11,530.5
1992-10-18,536.8
1992-10-25,545.0
1992-11-01,542.65
1992-11-08,550.8
1992-11-15,555.15
1992-11-22,561.7
1992-11-29,566.75
1992-12-06,562.05
1992-12-13,566.1
1992-12-20,570.45
1992-12-27,575.6875
1993-01-03,568.6875
1993-01-10,570.3
1993-01-17,580.6
1993-01-24,584.15
1993-01-31,576.1
1993-02-07,571.3
1993-02-14,567.85
1993-02-21,572.6875
1993-02-28,574.55
1993-03-07,580.0
1993-03-14,575.95
1993-03-21,583.45
1993-03-28,588.35
1993-04-04,590.65
1993-04-11,594.3125
1993-04-18,593.0
1993-04-25,590.7
1993-05-02,590.85
1993-05-09,596.05
1993-05-16,601.95
1993-05-23,604.35
1993-05-30,608.75
1993-06-06,589.0
1993-06-13,591.4
1993-06-20,591.95
1993-06-27,621.25
1993-07-04,645.8
1993-07-11,705.125
1993-07-18,705.95
1993-07-25,728.5
1993-08-01,695.5
1993-08-08,694.4
1993-08-15,664.65
1993-08-22,659.35
1993-08-29,668.95
1993-09-05,660.35
1993-09-12,636.5
1993-09-19,639.95
1993-09-26,648.6
1993-10-03,629.15
1993-10-10,607.45
1993-10-17,614.4
1993-10-24,618.35
1993-10-31,620.3
1993-11-07,631.1
1993-11-14,658.2
1993-11-21,681.712
1993-11-28,682.265
1993-12-05,677.45
1993-12-12,683.888
1993-12-19,681.088
1993-12-26,691.655
1994-01-02,701.86
1994-01-09,696.0139999999999
1994-01-16,694.764
1994-01-23,697.704
1994-01-30,695.452
1994-02-06,682.54
1994-02-13,678.052
1994-02-20,678.2520000000001
1994-02-27,681.155
1994-03-06,672.978
1994-03-13,668.5640000000001
1994-03-20,689.5640000000001
1994-03-27,690.216
1994-04-03,687.97
1994-04-10,655.488
1994-04-17,655.6479999999999
1994-04-24,661.576
1994-05-01,672.1125
1994-05-08,665.612
1994-05-15,667.8520000000001
1994-05-22,696.49
1994-05-29,689.764
1994-06-05,696.565
1994-06-12,668.488
1994-06-19,699.8520000000001
1994-06-26,671.578
1994-07-03,660.364
1994-07-10,622.7525
1994-07-17,621.124
1994-07-24,594.488
1994-07-31,587.7239999999999
1994-08-07,578.778
1994-08-14,584.126
1994-08-21,590.714
1994-08-28,581.6
1994-09-04,577.562
1994-09-11,587.27
1994-09-18,573.89
1994-09-25,552.164
1994-10-02,547.364
1994-10-09,533.3140000000001
1994-10-16,534.126
1994-10-23,545.452
1994-10-30,549.726
1994-11-06,545.3140000000001
1994-11-13,556.888
1994-11-20,559.8
1994-11-27,565.625
1994-12-04,565.25
1994-12-11,561.05
1994-12-18,563.65
1994-12-25,563.1
1995-01-01,558.875
1995-01-08,548.5
1995-01-15,550.35
1995-01-22,552.7
1995-01-29,553.35
1995-02-05,547.85
1995-02-12,552.75
1995-02-19,556.75
1995-02-26,557.5
1995-03-05,553.9
1995-03-12,563.5
1995-03-19,573.15
1995-03-26,576.65
1995-04-02,575.15
1995-04-09,582.15
1995-04-16,584.0625
1995-04-23,568.95
1995-04-30,566.4
1995-05-07,571.75
1995-05-14,560.85
1995-05-21,567.75
1995-05-28,601.65
1995-06-04,583.5
1995-06-11,588.65
1995-06-18,583.95
1995-06-25,604.7
1995-07-02,582.15
1995-07-09,600.375
1995-07-16,614.35
1995-07-23,628.95
1995-07-30,626.2
1995-08-06,597.35
1995-08-13,588.95
1995-08-20,590.3
1995-08-27,598.3
1995-09-03,609.45
1995-09-10,619.875
1995-09-17,618.2
1995-09-24,650.7
1995-10-01,643.45
1995-10-08,637.8
1995-10-15,651.35
1995-10-22,660.3
1995-10-29,667.0
1995-11-05,677.95
1995-11-12,681.65
1995-11-19,674.35
1995-11-26,680.6875
1995-12-03,683.15
1995-12-10,701.95
1995-12-17,719.8
1995-12-24,730.95
1995-12-31,728.0
1996-01-07,749.3125
1996-01-14,731.1
1996-01-21,732.3
1996-01-28,730.75
1996-02-04,736.7
1996-02-11,723.6
1996-02-18,727.3
1996-02-25,728.0625
1996-03-03,736.35
1996-03-10,716.35
1996-03-17,718.75
1996-03-24,717.0
1996-03-31,739.95
1996-04-07,761.8125
1996-04-14,787.8
1996-04-21,791.95
1996-04-28,815.25
1996-05-05,799.1
1996-05-12,810.3
1996-05-19,811.75
1996-05-26,801.65
1996-06-02,787.8125
1996-06-09,768.45
1996-06-16,775.3
1996-06-23,783.75
1996-06-30,770.4
1996-07-07,774.8125
1996-07-14,801.75
1996-07-21,807.1
1996-07-28,769.45
1996-08-04,769.9
1996-08-11,779.2
1996-08-18,826.2
1996-08-25,813.6
1996-09-01,818.35
1996-09-08,812.0625
1996-09-15,829.15
1996-09-22,815.85
1996-09-29,791.95
1996-10-06,742.8
1996-10-13,727.9
1996-10-20,688.5
1996-10-27,693.0
1996-11-03,684.25
1996-11-10,678.25
1996-11-17,690.3
1996-11-24,707.85
1996-12-01,712.25
1996-12-08,699.5
1996-12-15,694.45
1996-12-22,706.35
1996-12-29,702.5625
1997-01-05,695.0625
1997-01-12,702.1
1997-01-19,740.9
1997-01-26,743.3
1997-02-02,744.8
1997-02-09,736.25
1997-02-16,756.1
1997-02-23,779.75
1997-03-02,785.0
1997-03-09,811.65
1997-03-16,839.8
1997-03-23,832.95
1997-03-30,842.4375
1997-04-06,865.35
1997-04-13,849.05
1997-04-20,836.75
1997-04-27,846.95
1997-05-04,878.6
1997-05-11,892.95
1997-05-18,870.5
1997-05-25,852.4
1997-06-01,857.6875
1997-06-08,847.3
1997-06-15,830.1
1997-06-22,837.6
1997-06-29,814.25
1997-07-06,734.0
1997-07-13,770.85
1997-07-20,792.55
1997-07-27,760.3
1997-08-03,762.25
1997-08-10,756.5
1997-08-17,762.15
1997-08-24,723.0
1997-08-31,664.45
1997-09-07,689.5625
1997-09-14,713.15
1997-09-21,768.3
1997-09-28,634.2
1997-10-05,627.2
1997-10-12,670.45
1997-10-19,704.85
1997-10-26,695.4
1997-11-02,690.8
1997-11-09,722.7
1997-11-16,730.65
1997-11-23,718.55
1997-11-30,716.0
1997-12-07,705.45
1997-12-14,704.6
1997-12-21,684.75
1997-12-28,683.875
1998-01-04,673.25
1998-01-11,664.4
1998-01-18,666.95
1998-01-25,671.0625
1998-02-01,677.45
1998-02-08,683.25
1998-02-15,684.95
1998-02-22,669.8125
1998-03-01,654.6
1998-03-08,652.55
1998-03-15,662.25
1998-03-22,650.9
1998-03-29,650.6
1998-04-05,644.2
1998-04-12,631.75
1998-04-19,636.1
1998-04-26,645.1
1998-05-03,644.45
1998-05-10,655.45
1998-05-17,650.6
1998-05-24,639.45
1998-05-31,619.5
1998-06-07,618.95
1998-06-14,611.25
1998-06-21,626.85
1998-06-28,658.65
1998-07-05,634.375
1998-07-12,653.7
1998-07-19,655.3
1998-07-26,625.15
1998-08-02,593.1
1998-08-09,556.3
1998-08-16,558.75
1998-08-23,564.55
1998-08-30,529.0
1998-09-06,522.0
1998-09-13,524.75
1998-09-20,525.45
1998-09-27,529.4
1998-10-04,522.25
1998-10-11,536.35
1998-10-18,558.05
1998-10-25,551.4
1998-11-01,551.85
1998-11-08,556.4
1998-11-15,574.45
1998-11-22,576.8
1998-11-29,573.0625
1998-12-06,585.1
1998-12-13,566.6
1998-12-20,550.65
1998-12-27,546.5
1999-01-03,540.75
1999-01-10,548.25
1999-01-17,534.15
1999-01-24,527.75
1999-01-31,512.3
1999-02-07,510.35
1999-02-14,498.75
1999-02-21,483.5625
1999-02-28,461.95
1999-03-07,458.15
1999-03-14,466.65
1999-03-21,475.6
1999-03-28,493.85
1999-04-04,491.125
1999-04-11,479.5
1999-04-18,486.1
1999-04-25,489.1
1999-05-02,477.7
1999-05-09,475.6
1999-05-16,466.45
1999-05-23,466.3
1999-05-30,457.85
1999-06-06,461.6875
1999-06-13,469.6
1999-06-20,467.4
1999-06-27,461.65
1999-07-04,442.2
1999-07-11,412.9375
1999-07-18,424.5
1999-07-25,445.05
1999-08-01,434.9
1999-08-08,473.75
1999-08-15,465.95
1999-08-22,465.75
1999-08-29,464.95
1999-09-05,482.35
1999-09-12,508.25
1999-09-19,491.85
1999-09-26,481.2
1999-10-03,487.8
1999-10-10,487.4
1999-10-17,496.25
1999-10-24,486.05
1999-10-31,470.5
1999-11-07,470.375
1999-11-14,462.85
1999-11-21,460.7
1999-11-28,466.3125
1999-12-05,473.0
1999-12-12,469.85
1999-12-19,452.05
1999-12-26,462.3125
2000-01-02,458.25
2000-01-09,465.9
2000-01-16,474.6
2000-01-23,503.5
2000-01-30,518.55
2000-02-06,506.4
2000-02-13,505.75
2000-02-20,508.75
2000-02-27,503.5625
2000-03-05,500.2
2000-03-12,504.6
2000-03-19,524.25
2000-03-26,527.25
2000-04-02,534.0
2000-04-09,539.55
2000-04-16,533.65
2000-04-23,534.8125
2000-04-30,537.25
2000-05-07,557.2
2000-05-14,552.6
2000-05-21,547.4
2000-05-28,541.1
2000-06-04,522.6875
2000-06-11,524.9
2000-06-18,509.3
2000-06-25,502.45
2000-07-02,490.7
2000-07-09,471.3125
2000-07-16,470.2
2000-07-23,456.35
2000-07-30,452.2
2000-08-06,442.05
2000-08-13,442.9
2000-08-20,458.6
2000-08-27,460.7
2000-09-03,484.75
2000-09-10,490.5625
2000-09-17,489.35
2000-09-24,489.5
2000-10-01,494.35
2000-10-08,486.95
2000-10-15,477.4
2000-10-22,468.25
2000-10-29,463.1
2000-11-05,465.0
2000-11-12,470.75
2000-11-19,477.5
2000-11-26,492.875
2000-12-03,502.35
2000-12-10,505.35
2000-12-17,507.25
2000-12-24,509.95
2000-12-31,500.1875
2001-01-07,493.5
2001-01-14,487.15
2001-01-21,473.625
2001-01-28,468.2
2001-02-04,462.25
2001-02-11,459.7
2001-02-18,451.9
2001-02-25,453.625
2001-03-04,453.35
2001-03-11,457.6
2001-03-18,448.35
2001-03-25,440.85
2001-04-01,438.8
2001-04-08,434.75
2001-04-15,436.625
2001-04-22,430.95
2001-04-29,424.55
2001-05-06,439.8
2001-05-13,446.8
2001-05-20,451.0
2001-05-27,445.9
2001-06-03,445.6875
2001-06-10,459.15
2001-06-17,469.7
2001-06-24,462.9
2001-07-01,462.85
2001-07-08,492.8125
2001-07-15,514.6
2001-07-22,512.35
2001-07-29,508.85
2001-08-05,502.2
2001-08-12,512.2
2001-08-19,513.0
2001-08-26,485.8
2001-09-02,477.7
2001-09-09,469.875
2001-09-16,469.15
2001-09-23,473.55
2001-09-30,461.9
2001-10-07,452.05
2001-10-14,447.4
2001-10-21,429.9
2001-10-28,424.15
2001-11-04,431.05
2001-11-11,436.6
2001-11-18,446.9
2001-11-25,450.5
2001-12-02,440.35
2001-12-09,444.25
2001-12-16,436.6
2001-12-23,434.95
2001-12-30,426.6666666666667
2002-01-06,421.6875
2002-01-13,436.45
2002-01-20,448.15
2002-01-27,435.125
2002-02-03,428.85
2002-02-10,431.0
2002-02-17,436.05
2002-02-24,442.125
2002-03-03,439.7
2002-03-10,449.85
2002-03-17,460.1
2002-03-24,461.25
2002-03-31,469.8125
2002-04-07,467.05
2002-04-14,459.75
2002-04-21,467.05
2002-04-28,473.1
2002-05-05,460.5
2002-05-12,466.05
2002-05-19,481.25
2002-05-26,491.45
2002-06-02,500.875
2002-06-09,509.95
2002-06-16,498.5
2002-06-23,493.15
2002-06-30,516.2
2002-07-07,555.0
2002-07-14,580.0
2002-07-21,575.85
2002-07-28,574.45
2002-08-04,555.3
2002-08-11,561.95
2002-08-18,592.25
2002-08-25,555.0
2002-09-01,558.05
2002-09-08,563.375
2002-09-15,577.5
2002-09-22,569.2
2002-09-29,559.9
2002-10-06,540.55
2002-10-13,530.35
2002-10-20,544.8
2002-10-27,553.3
2002-11-03,558.65
2002-11-10,574.25
2002-11-17,568.7
2002-11-24,571.45
2002-12-01,575.3125
2002-12-08,566.9
2002-12-15,568.4
2002-12-22,562.7
2002-12-29,570.25
2003-01-05,575.5
2003-01-12,581.6
2003-01-19,554.15
2003-01-26,561.625
2003-02-02,566.85
2003-02-09,563.95
2003-02-16,568.95
2003-02-23,572.0625
2003-03-02,577.25
2003-03-09,568.95
2003-03-16,571.8
2003-03-23,572.8
2003-03-30,574.5
2003-04-06,582.2
2003-04-13,601.0
2003-04-20,612.375
2003-04-27,606.2
2003-05-04,620.25
2003-05-11,625.85
2003-05-18,643.8
2003-05-25,634.95
2003-06-01,627.0
2003-06-08,617.65
2003-06-15,625.5
2003-06-22,625.35
2003-06-29,633.7
2003-07-06,625.75
2003-07-13,617.7
2003-07-20,582.1
2003-07-27,554.7
2003-08-03,539.65
2003-08-10,542.6
2003-08-17,565.5
2003-08-24,578.25
2003-08-31,586.2
2003-09-07,594.9375
2003-09-14,624.55
2003-09-21,622.4
2003-09-28,653.45
2003-10-05,684.55
2003-10-12,691.25
2003-10-19,731.05
2003-10-26,747.1
2003-11-02,785.65
2003-11-09,762.6
2003-11-16,769.5
2003-11-23,763.7
2003-11-30,746.3125
2003-12-07,768.4
2003-12-14,777.15
2003-12-21,766.0
2003-12-28,761.6875
2004-01-04,785.875
2004-01-11,792.8
2004-01-18,831.1
2004-01-25,837.5
2004-02-01,823.25
2004-02-08,814.7
2004-02-15,834.25
2004-02-22,869.625
2004-02-29,929.1
2004-03-07,940.3
2004-03-14,935.0
2004-03-21,1000.65
2004-03-28,1034.55
2004-04-04,1019.85
2004-04-11,1009.375
2004-04-18,975.9
2004-04-25,954.15
2004-05-02,1002.5
2004-05-09,1036.55
2004-05-16,1013.5
2004-05-23,885.7
2004-05-30,851.25
2004-06-06,839.5
2004-06-13,849.4
2004-06-20,872.2
2004-06-27,907.0
2004-07-04,909.1
2004-07-11,966.875
2004-07-18,833.8
2004-07-25,693.4
2004-08-01,637.1
2004-08-08,600.75
2004-08-15,644.3
2004-08-22,592.1
2004-08-29,616.7
2004-09-05,625.75
2004-09-12,578.4375
2004-09-19,559.55
2004-09-26,537.1
2004-10-03,531.5
2004-10-10,525.95
2004-10-17,518.2
2004-10-24,526.6
2004-10-31,533.4
2004-11-07,516.95
2004-11-14,515.9
2004-11-21,546.95
2004-11-28,554.5625
2004-12-05,529.75
2004-12-12,528.1
2004-12-19,547.25
2004-12-26,548.9375
2005-01-02,550.75
2005-01-09,538.9
2005-01-16,554.2
2005-01-23,517.8125
2005-01-30,519.75
2005-02-06,505.7
2005-02-13,511.45
2005-02-20,542.1
2005-02-27,580.0625
2005-03-06,616.4
2005-03-13,628.4
2005-03-20,665.8
2005-03-27,626.4375
2005-04-03,626.45
2005-04-10,618.25
2005-04-17,618.15
2005-04-24,628.4
2005-05-01,627.3
2005-05-08,623.3
2005-05-15,622.35
2005-05-22,627.75
2005-05-29,659.15
2005-06-05,677.3125
2005-06-12,671.9
2005-06-19,699.5
2005-06-26,736.3
2005-07-03,671.7
2005-07-10,694.0
2005-07-17,708.4
2005-07-24,684.6
2005-07-31,675.1
2005-08-07,672.45
2005-08-14,646.2
2005-08-21,610.3
2005-08-28,599.7
2005-09-04,592.95
2005-09-11,592.6875
2005-09-18,572.1
2005-09-25,576.05
2005-10-02,564.3
2005-10-09,567.1
2005-10-16,577.15
2005-10-23,584.45
2005-10-30,572.1
2005-11-06,577.0
2005-11-13,578.8
2005-11-20,581.65
2005-11-27,565.1875
2005-12-04,558.55
2005-12-11,566.35
2005-12-18,590.7
2005-12-25,609.2
2006-01-01,605.5625
2006-01-08,611.75
2006-01-15,572.75
2006-01-22,567.5
2006-01-29,575.0
2006-02-05,590.25
2006-02-12,581.8
2006-02-19,589.45
2006-02-26,577.625
2006-03-05,584.3
2006-03-12,578.4
2006-03-19,577.05
2006-03-26,574.65
2006-04-02,580.55
2006-04-09,561.4
2006-04-16,560.3125
2006-04-23,572.4
2006-04-30,578.4
2006-05-07,592.35
2006-05-14,594.9
2006-05-21,599.25
2006-05-28,583.7
2006-06-04,589.6875
2006-06-11,593.45
2006-06-18,595.6
2006-06-25,583.9
2006-07-02,580.5
2006-07-09,601.625
2006-07-16,602.5
2006-07-23,585.2
2006-07-30,580.15
2006-08-06,577.65
2006-08-13,558.15
2006-08-20,551.4
2006-08-27,548.85
2006-09-03,539.5
2006-09-10,537.6875
2006-09-17,534.2
2006-09-24,550.75
2006-10-01,546.9
2006-10-08,554.5
2006-10-15,573.7
2006-10-22,601.7
2006-10-29,625.25
2006-11-05,642.45
2006-11-12,655.8
2006-11-19,656.65
2006-11-26,674.6875
2006-12-03,683.8
2006-12-10,659.15
2006-12-17,662.2
2006-12-24,651.9
2006-12-31,675.0625
2007-01-07,666.6666666666666
2007-01-14,668.45
2007-01-21,716.125
2007-01-28,716.65
2007-02-04,721.65
2007-02-11,742.55
2007-02-18,755.3
2007-02-25,778.5625
2007-03-04,760.15
2007-03-11,740.6
2007-03-18,747.35
2007-03-25,766.4
2007-04-01,765.15
2007-04-08,766.0625
2007-04-15,742.85
2007-04-22,723.4
2007-04-29,718.75
2007-05-06,734.25
2007-05-13,734.35
2007-05-20,783.65
2007-05-27,802.4
2007-06-03,807.375
2007-06-10,823.95
2007-06-17,831.4
2007-06-24,827.75
2007-07-01,814.9
2007-07-08,858.6875
2007-07-15,894.6
2007-07-22,852.6
2007-07-29,817.7
2007-08-05,830.5
2007-08-12,845.5
2007-08-19,832.15
2007-08-26,829.95
2007-09-02,861.75
2007-09-09,887.625
2007-09-16,920.5
2007-09-23,975.3
2007-09-30,988.55
2007-10-07,956.2
2007-10-14,960.45
2007-10-21,982.7
2007-10-28,984.95
2007-11-04,1001.1
2007-11-11,1026.0
2007-11-18,1059.9
2007-11-25,1085.4375
2007-12-02,1093.9
2007-12-09,1097.65
2007-12-16,1143.15
2007-12-23,1160.75
2007-12-30,1205.5
2008-01-06,1233.0
2008-01-13,1254.3
2008-01-20,1282.1
2008-01-27,1225.625
2008-02-03,1271.6
2008-02-10,1327.6
2008-02-17,1343.45
2008-02-24,1405.5
2008-03-02,1479.65
2008-03-09,1462.6
2008-03-16,1377.3
2008-03-23,1268.4375
2008-03-30,1302.1
2008-04-06,1237.05
2008-04-13,1301.6
2008-04-20,1361.85
2008-04-27,1347.35
2008-05-04,1283.2
2008-05-11,1296.5
2008-05-18,1361.2
2008-05-25,1341.25
2008-06-01,1351.6875
2008-06-08,1404.7
2008-06-15,1502.3
2008-06-22,1545.2
2008-06-29,1541.85
2008-07-06,1634.1875
2008-07-13,1593.6
2008-07-20,1540.2
2008-07-27,1400.85
2008-08-03,1386.4
2008-08-10,1242.4
2008-08-17,1232.4
2008-08-24,1300.35
2008-08-31,1337.85
2008-09-07,1241.625
2008-09-14,1258.2
2008-09-21,1140.3
2008-09-28,1185.2
2008-10-05,1037.6
2008-10-12,940.4
2008-10-19,888.6
2008-10-26,888.85
2008-11-02,913.65
2008-11-09,916.75
2008-11-16,899.65
2008-11-23,880.3
2008-11-30,884.0
2008-12-07,819.5
2008-12-14,834.7
2008-12-21,861.25
2008-12-28,913.75
2009-01-04,956.625
2009-01-11,1002.9
2009-01-18,983.2
2009-01-25,1008.375
2009-02-01,983.6
2009-02-08,967.2
2009-02-15,979.6
2009-02-22,884.375
2009-03-01,875.1
2009-03-08,865.7
2009-03-15,885.3
2009-03-22,926.3
2009-03-29,946.9
2009-04-05,956.2
2009-04-12,999.125
2009-04-19,1040.4
2009-04-26,1036.1
2009-05-03,1040.05
2009-05-10,1123.85
2009-05-17,1142.8
2009-05-24,1163.7
2009-05-31,1183.875
2009-06-07,1213.0
2009-06-14,1248.45
2009-06-21,1199.45
2009-06-28,1182.5
2009-07-05,1235.6875
2009-07-12,1131.25
2009-07-19,1034.3
2009-07-26,1022.1
2009-08-02,1079.1
2009-08-09,1173.7
2009-08-16,1178.05
2009-08-23,1000.55
2009-08-30,1102.3
2009-09-06,1013.25
2009-09-13,972.125
2009-09-20,945.9
2009-09-27,920.3
2009-10-04,913.3
2009-10-11,921.4
2009-10-18,989.3
2009-10-25,999.75
2009-11-01,978.4
2009-11-08,982.95
2009-11-15,971.15
2009-11-22,1030.0
2009-11-29,1049.4375
2009-12-06,1049.45
2009-12-13,1035.0
2009-12-20,1040.1
2009-12-27,1001.6875
2010-01-03,1033.6875
2010-01-10,1031.25
2010-01-17,978.35
2010-01-24,953.5
2010-01-31,932.8
2010-02-07,915.3
2010-02-14,937.15
2010-02-21,949.375
2010-02-28,953.15
2010-03-07,943.45
2010-03-14,935.6
2010-03-21,950.8125
2010-03-28,957.9
2010-04-04,955.5625
2010-04-11,946.45
2010-04-18,970.95
2010-04-25,992.3
2010-05-02,990.0
2010-05-09,965.95
2010-05-16,956.3
2010-05-23,943.55
2010-05-30,941.4
2010-06-06,939.3125
2010-06-13,936.95
2010-06-20,954.75
2010-06-27,961.55
2010-07-04,956.15
2010-07-11,996.0625
2010-07-18,1026.75
2010-07-25,1012.65
2010-08-01,1019.5
2010-08-08,1053.6
2010-08-15,1049.95
2010-08-22,1027.1
2010-08-29,1009.95
2010-09-05,1013.6
2010-09-12,1033.375
2010-09-19,1042.3
2010-09-26,1097.7
2010-10-03,1098.8
2010-10-10,1081.15
2010-10-17,1184.0
2010-10-24,1200.85
2010-10-31,1217.05
2010-11-07,1247.8
2010-11-14,1292.75
2010-11-21,1222.9
2010-11-28,1241.0
2010-12-05,1268.1
2010-12-12,1281.85
2010-12-19,1299.8
2010-12-26,1331.125
2011-01-02,1375.65
2011-01-09,1370.3
2011-01-16,1393.95
2011-01-23,1418.0625
2011-01-30,1393.0
2011-02-06,1434.2
2011-02-13,1433.55
2011-02-20,1381.3
2011-02-27,1324.9375
2011-03-06,1385.7
2011-03-13,1352.6
2011-03-20,1321.55
2011-03-27,1357.6
2011-04-03,1375.75
2011-04-10,1383.05
2011-04-17,1341.8
2011-04-24,1357.25
2011-05-01,1376.5
2011-05-08,1348.8
2011-05-15,1333.8
2011-05-22,1362.2
2011-05-29,1382.45
2011-06-05,1397.1875
2011-06-12,1391.45
2011-06-19,1361.7
2011-06-26,1333.55
2011-07-03,1330.2
2011-07-10,1337.8125
2011-07-17,1375.5
2011-07-24,1381.95
2011-07-31,1370.65
2011-08-07,1352.75
2011-08-14,1316.6
2011-08-21,1350.4
2011-08-28,1387.3
2011-09-04,1439.3
2011-09-11,1412.0625
2011-09-18,1371.4
2011-09-25,1308.2
2011-10-02,1231.05
2011-10-09,1164.65
2011-10-16,1235.1
2011-10-23,1233.2
2011-10-30,1224.46
2011-11-06,1205.0
2011-11-13,1177.45
2011-11-20,1179.3
2011-11-27,1130.0625
2011-12-04,1128.53
2011-12-11,1125.5400000000002
2011-12-18,1115.23
2011-12-25,1151.95
2012-01-01,1195.8
2012-01-08,1207.4125
2012-01-15,1197.1200000000001
2012-01-22,1186.7
2012-01-29,1217.56
2012-02-05,1210.52
2012-02-12,1230.6399999999999
2012-02-19,1258.8799999999999
2012-02-26,1274.05
2012-03-04,1311.0
2012-03-11,1326.92
2012-03-18,1355.65
2012-03-25,1356.35
2012-04-01,1374.8
2012-04-08,1422.7
2012-04-15,1431.56
2012-04-22,1425.08
2012-04-29,1469.84
2012-05-06,1484.4299999999998
2012-05-13,1436.27
2012-05-20,1413.8799999999999
2012-05-27,1383.8400000000001
2012-06-03,1362.3625
2012-06-10,1385.8700000000001
2012-06-17,1406.45
2012-06-24,1430.6799999999998
2012-07-01,1480.3700000000001
2012-07-08,1586.4125
2012-07-15,1643.3200000000002
2012-07-22,1685.8400000000001
2012-07-29,1679.31
2012-08-05,1689.3
2012-08-12,1646.85
2012-08-19,1667.6875
2012-08-26,1731.65
2012-09-02,1750.2400000000002
2012-09-09,1749.8375
2012-09-16,1729.06
2012-09-23,1643.55
2012-09-30,1593.44
2012-10-07,1547.1100000000001
2012-10-14,1544.23
2012-10-21,1514.1
2012-10-28,1558.45
2012-11-04,1539.0
2012-11-11,1498.16
2012-11-18,1412.6299999999999
2012-11-25,1408.625
2012-12-02,1440.23
2012-12-09,1466.25
2012-12-16,1474.6299999999999
2012-12-23,1449.0
2012-12-30,1426.1375
2013-01-06,1401.8125
2013-01-13,1416.85
2013-01-20,1434.17
2013-01-27,1441.375
2013-02-03,1464.1
2013-02-10,1482.6
2013-02-17,1423.8
2013-02-24,1474.75
2013-03-03,1460.0
2013-03-10,1496.0
2013-03-17,1473.02
2013-03-24,1424.7
2013-03-31,1434.25
2013-04-07,1380.5
2013-04-14,1395.2
2013-04-21,1416.5
2013-04-28,1418.85
2013-05-05,1455.7
2013-05-12,1474.0
2013-05-19,1467.75
2013-05-26,1480.6
2013-06-02,1504.375
2013-06-09,1529.7
2013-06-16,1523.9
2013-06-23,1507.3
2013-06-30,1536.2
2013-07-07,1580.75
2013-07-14,1599.35
2013-07-21,1472.4
2013-07-28,1415.3
2013-08-04,1354.8
2013-08-11,1333.9
2013-08-18,1344.9375
2013-08-25,1330.0
2013-09-01,1423.7
2013-09-08,1420.1875
2013-09-15,1426.7
2013-09-22,1339.4
2013-09-29,1315.6
2013-10-06,1280.9
2013-10-13,1285.4
2013-10-20,1280.15
2013-10-27,1304.25
2013-11-03,1276.3
2013-11-10,1271.8
2013-11-17,1311.15
2013-11-24,1291.0
2013-12-01,1327.8125
2013-12-08,1324.6
2013-12-15,1335.25
2013-12-22,1333.95
2013-12-29,1327.8125
2014-01-05,1303.8125
2014-01-12,1299.8
2014-01-19,1322.9
2014-01-26,1280.1875
2014-02-02,1279.85
2014-02-09,1315.15
2014-02-16,1333.65
2014-02-23,1361.75
2014-03-02,1398.7
2014-03-09,1424.55
2014-03-16,1398.35
2014-03-23,1416.7
2014-03-30,1432.8
2014-04-06,1469.9
2014-04-13,1476.5
2014-04-20,1502.75
2014-04-27,1484.15
2014-05-04,1502.55
2014-05-11,1472.05
2014-05-18,1483.5
2014-05-25,1497.5
2014-06-01,1493.5
2014-06-08,1476.3
2014-06-15,1440.7
2014-06-22,1413.3
2014-06-29,1424.7
2014-07-06,1395.5
2014-07-13,1331.85
2014-07-20,1201.75
2014-07-27,1195.45
2014-08-03,1224.25
2014-08-10,1245.25
2014-08-17,1255.2
2014-08-24,1132.7
2014-08-31,1093.5
2014-09-07,1079.875
2014-09-14,1078.25
2014-09-21,976.5
2014-09-28,929.4
2014-10-05,917.5
2014-10-12,935.5
2014-10-19,956.35
2014-10-26,968.3
2014-11-02,1024.5
2014-11-09,1026.6
2014-11-16,1043.75
2014-11-23,1024.2
2014-11-30,1036.5625
2014-12-07,1012.2
2014-12-14,1042.85
2014-12-21,1030.6
2014-12-28,1038.0
2015-01-04,1024.625
2015-01-11,1046.9
2015-01-18,997.9
2015-01-25,978.875
2015-02-01,971.3
2015-02-08,974.55
2015-02-15,980.1
2015-02-22,1002.625
2015-03-01,1014.95
2015-03-08,997.0625
2015-03-15,982.35
2015-03-22,965.05
2015-03-29,976.75
2015-04-05,978.625
2015-04-12,965.45
2015-04-19,961.1
2015-04-26,973.2
2015-05-03,976.4
2015-05-10,986.9
2015-05-17,964.9375
2015-05-24,940.9
2015-05-31,926.875
2015-06-07,936.85
2015-06-14,944.95
2015-06-21,961.1
2015-06-28,991.15
2015-07-05,1037.25
2015-07-12,1024.55
2015-07-19,1028.55
2015-07-26,1009.9
2015-08-02,978.15
2015-08-09,987.75
2015-08-16,997.25
2015-08-23,914.5
2015-08-30,889.4
2015-09-06,884.2
2015-09-13,886.4375
2015-09-20,882.15
2015-09-27,871.4
2015-10-04,881.45
2015-10-11,885.75
2015-10-18,902.85
2015-10-25,896.7
2015-11-01,883.7
2015-11-08,876.25
2015-11-15,867.75
2015-11-22,859.5
2015-11-29,868.6875
2015-12-06,892.5
2015-12-13,877.3
2015-12-20,873.95
2015-12-27,883.1875
2016-01-03,870.5
2016-01-10,873.35
2016-01-17,888.7
2016-01-24,877.3125
2016-01-31,877.45
2016-02-07,877.45
2016-02-14,866.5
2016-02-21,879.75
2016-02-28,866.3
2016-03-06,857.35
2016-03-13,880.5
2016-03-20,894.2
2016-03-27,906.625
2016-04-03,912.35
2016-04-10,909.2
2016-04-17,943.9
2016-04-24,987.05
2016-05-01,1014.45
2016-05-08,1023.55
2016-05-15,1057.0
2016-05-22,1072.3
2016-05-29,1072.65
2016-06-05,1112.875
2016-06-12,1159.8
2016-06-19,1159.25
2016-06-26,1123.25
2016-07-03,1154.55
2016-07-10,1091.125
2016-07-17,1102.2
2016-07-24,1037.7
2016-07-31,1002.95
2016-08-07,993.35
2016-08-14,1015.55
2016-08-21,1026.6
2016-08-28,1017.0
2016-09-04,966.85
2016-09-11,988.6875
2016-09-18,967.75
2016-09-25,973.3
2016-10-02,948.85
2016-10-09,961.5
2016-10-16,953.9
2016-10-23,977.65
2016-10-30,999.6
2016-11-06,984.75
2016-11-13,989.15
2016-11-20,985.85
2016-11-27,1031.625
2016-12-04,1037.25
2016-12-11,1040.85
2016-12-18,1029.95
2016-12-25,1003.65
2017-01-01,1004.9375
2017-01-08,995.75
2017-01-15,1015.55
2017-01-22,1069.0
2017-01-29,1052.05
2017-02-05,1029.6299999999999
2017-02-12,1048.55
2017-02-19,1047.2
2017-02-26,1018.3125
2017-03-05,1026.35
2017-03-12,1010.2
2017-03-19,997.2
2017-03-26,992.0
2017-04-02,963.4
2017-04-09,940.2
2017-04-16,947.0625
2017-04-23,949.0
2017-04-30,950.0
2017-05-07,962.1
2017-05-14,957.95
2017-05-21,962.75
2017-05-28,943.55
2017-06-04,914.0
2017-06-11,930.75
2017-06-18,933.55
2017-06-25,919.05
2017-07-02,915.75
2017-07-09,978.75
2017-07-16,1004.95
2017-07-23,997.65
2017-07-30,990.7
2017-08-06,963.1
2017-08-13,951.0
2017-08-20,927.45
2017-08-27,935.8
2017-09-03,933.45
2017-09-10,962.1875
2017-09-17,957.35
2017-09-24,971.15
2017-10-01,964.65
2017-10-08,961.85
2017-10-15,977.3
2017-10-22,984.3
2017-10-29,975.25
2017-11-05,978.85
2017-11-12,981.95
2017-11-19,972.3
2017-11-26,991.6875
2017-12-03,991.9
2017-12-10,997.8
2017-12-17,974.3
2017-12-24,953.6
